Gene	T.CD8	T.follicular_helper	T.CD4	T.NK	T.other	T.plasmacytoid
ABCB4	4.311280198	6.469992914	6.165534345	9.119775611	8.5726881855	7.0539276829999995
ABCB9	24.22372293	17.60479495	34.96165741	19.12993277	32.894689225	28.0958777
ACAP1	1055.613378	1107.7982650000001	1210.8076278	450.1093256	1137.7791601000001	100.0
ACHE	13.42828841	14.80554182	21.565414985	202.1177403	29.15558017	47.39908012
ACP5	306.3125193	711.9497438999999	573.9199878	290.0486024	726.44256905	100.0
ADAM28	22.6897181	24.28140623	29.1415892	144.0076051	49.56854362	49.77128501
ADAMDEC1	44.61628687	68.73789331	59.978872790000004	58.33841588	194.2674547	97.16932158
ADAMTS3	42.39041586	35.41107579	67.320630205	41.12747138	70.774302835	56.44554702
ADRB2	899.6485015000001	97.17422647	223.08759253	2159.005275	1297.7574496	100.0
AIF1	742.8158187000001	19.07768435	377.97764541	64.45248921	558.1633470549999	100.0
AIM2	294.4846139	1115.6816119999999	919.109891865	110.8616443	361.6193899	100.0
ALAS2	5.0	5.0	5.0	5.0	2502.5	100.0
ALOX15	9.774971658	13.15225266	13.5905816965	19.97658598	18.417092085	15.27416541
ALOX5	78.68443963	35.00087493	85.239822215	139.51714980000003	292.2845281	100.0
AMPD1	66.1074899	53.95513652	72.77591594500001	59.90864326	96.65687502	74.11955023
ANGPT4	44.68465936	101.44558599999999	47.04735663	17.77869938	29.36183109	45.24676003
ANKRD55	141.69811140000002	1077.33032	1055.7166295499999	85.92242519999999	150.0622459	100.0
APOBEC3A	64.35533705	71.37789026	81.24763913000001	192.7630885	379.76691446500007	100.0
APOBEC3G	2090.85254	386.05358739999997	1138.6847218500002	7605.036476	2989.8601878	100.0
APOL3	1209.122376	351.1290483	1159.0249199	1087.765375	1083.3664853	100.0
APOL6	8.448971352000001	7.177587337	22.470281915	191.62595	11.542915886	39.32555776
AQP9	13.67548268	18.66670647	14.09857389	53.02350731	126.56840438	52.38566471
ARHGAP22	45.01409912	25.40966715	45.451250885	54.91308779	22.531187155	37.32881859
ARPP21	5.0	5.0	5.0	5.0	5.0	5000.0
ARRB1	19.09130442	18.44492663	21.41594123	98.19302359	11.505423459	28.79599772
ASGR1	12.18880923	5.122171371	10.780562255	13.03583005	162.175044865	53.75114641
ASGR2	29.78023761	31.38273532	37.507281085	29.7142972	140.16718645	63.74660074
ATHL1	806.0999282	1765.5523859999998	2923.5040392499996	423.8159033	233.74877145	100.0
ATP8B4	69.79360213	29.05340287	62.03524884	824.3103194	82.55130765	100.0
ATXN8OS	12.10850879	12.42360351	12.217468709999999	9.872627143999999	20.834045824999997	14.35825264
AZU1	75.49418368	12.10187282	21.359638182	265.2579227	505.905655935	100.0
BACH2	716.5762166000001	245.0583665	934.74210355	494.60945860000004	520.9178011	100.0
BANK1	27.08870144	18.99250539	29.89290458	35.09984139	44.612344695000004	32.88450668
BARX2	14.68073716	19.74347261	14.14979404	22.5631938	267.33950225	88.56657088
BCL11B	4183.738789	3186.5370190000003	5039.9031455	665.243575	2664.9036415	100.0
BCL2A1	575.0352025000001	698.6513947999999	717.0482957	533.2683795	301.51874810000004	100.0
BCL6	5.0	1000.0	5.0	5.0	5.0	100.0
BCL7A	119.2680253	70.53816317	91.786521215	45.8653417	118.188225605	93.66014626
BEND5	159.6750731	54.2462042	138.896826715	55.93154482	42.099926155	90.26376112
BEND6	5.0	5.0	5.0	5.0	5.0	5.0
BFSP1	19.66358081	59.32684348	70.441403335	27.03309669	62.96051355	53.26105068
BHLHE41	45.270419200000006	22.22269743	32.058632845000005	51.56015133	101.57399509999999	55.18836055
BIRC3	370.9307246	402.5623243	1341.52327805	728.8260112	1344.1476993	100.0
BLK	136.39364809999998	89.85602787	41.396371	11.15711153	15.147439937	50.07062991
BMP2K	117.76525	224.31252489999997	101.840742965	112.121477	98.06937790499998	100.0
BPI	64.13890515	15.19584325	25.3723070735	501.6314666999999	15.10851775	94.56112354
BRAF	178.6931052	102.12602559999999	133.9892915	277.9496822	517.1756722	100.0
BRSK2	10.46220047	54.73054355	18.135604160499998	17.74521279	38.190174905	27.94135928
BST1	68.85559845	62.2914124	99.565984515	118.77361100000002	183.38209687000003	100.0
BTNL8	13.49547351	16.64319163	21.25700922	12.63274915	39.61638829	23.50260133
C11orf80	162.5847884	136.96186799999998	120.11876785	120.7496946	120.690707335	100.0
C1orf54	244.0295762	87.19841264	245.80725625	117.88410290000002	88.49977221500001	100.0
C3AR1	218.06702400000003	110.3968405	127.14356105	613.4447329	594.5173222	100.0
C5AR1	71.29814039	27.36083709	31.681442205000003	253.0671186	232.35851996	100.0
C5AR2	5.512627066	8.182355675	30.974411704999998	32.16453055	33.91624782	25.09154748
CA1	5.0	5.0	5.0	5.0	2502.5	1000.0
CA8	13.31718235	200.62369919999998	17.70693252	14.31273322	52.9301165	52.78967326
CAMP	76.14506063	121.33996640000001	107.87580395	892.8004925	36.63947833	100.0
CASP5	20.72194816	44.6725684	9.940294618500001	46.15660294	65.81827161	37.58117885
CCDC102B	17.720017600000002	6.133755741	8.393557910999998	12.28678352	11.455735968	10.83416352
CCL1	10.784540400000001	12.61652384	17.701912585	20.569456600000002	10.177134724	14.24694507
CCL13	120.948249	12.70708557	66.94206421	95.84347088	73.92448213	73.03312829999999
CCL14	71.06446098	33.08789345	57.950108415	70.26973669	152.5150708	85.05034994
CCL17	78.50428281	38.03375116	59.90257746	56.89176767	226.84904034000002	100.0
CCL18	35.31761702	1000.0	35.68265544	59.32581576	65.031462485	100.0
CCL19	77.62297831	48.98562369	56.112597665	128.1916248	28.08594013	60.45675748
CCL20	61.54110043	188.6755023	404.42605962	19.37667746	15.249798935000001	100.0
CCL22	24.03529684	24.33306321	33.727009734999996	51.94116629999999	291.60336078	100.0
CCL23	15.31837372	13.44126834	18.25619785	54.24892146	46.825464845	30.45312699
CCL4	2564.294556	356.4726389	3043.90867255	5000.0	2740.6395582	100.0
CCL5	11434.94887	69.75841522	1343.2421359	5000.0	2585.5004582	100.0
CCL7	54.29720304	53.34937988	39.48779808	27.43416944	64.985899485	49.14687821
CCL8	35.05420149	40.64411705	52.515813885	1000.0	91.88518913499999	100.0
CCND1	5.0	5.0	5.0	5.0	5.0	5.0
CCND2	682.2085787000001	460.6314841	1064.7804585	3541.076899	724.8767604	100.0
CCR10	130.744128	100.7324553	119.781905215	65.93916024	52.60274029	91.74071922
CCR2	312.62034439999996	95.47693449	295.89746425	94.56222532	705.02549975	100.0
CCR3	51.21539926	20.4848163	41.68203647	104.639623	149.23216761	79.73832096
CCR5	992.0442582999999	530.4856724	259.08937565	1002.128304	1473.5980986	100.0
CCR6	173.08961619999997	151.09075819999998	195.024120055	84.69039581	182.4218341	100.0
CCR7	5074.201816	1858.531026	5788.967908	577.4547454	3415.3774731500002	100.0
CD14	5.0	5.0	5.0	5.0	5.0	5.0
CD160	1145.34982	73.65633284	128.6096367	1594.014919	1766.1640247	100.0
CD163	5.0	5.0	5.0	5.0	5.0	5.0
CD177	5.0	5.0	5.0	5.0	5.0	5.0
CD180	78.77964471	48.86157308	41.843407875	33.99947109	155.30990075	79.42104373
CD19	132.2416591	148.8556127	101.36187408500001	94.44398247	182.67022715	100.0
CD1A	208.3949257	156.48164540000002	150.46661154999998	149.23032790000002	388.5620933	100.0
CD1B	55.67758898	21.53089091	70.657584135	131.2405225	152.67882945999997	93.58883279999999
CD1C	44.14189025	40.92391452	98.139901025	33.5006097	33.866385575	54.6541411
CD1D	16.92273192	48.61705515	19.385762931	16.81369609	170.52903972500002	66.0261555
CD1E	52.56295023	61.98706623	62.61568038	43.89394751	54.3460475	56.05248853
CD2	5000.0	5000.0	5000.0	4048.73564	5000.0	100.0
CD207	5.0	5.0	5.0	5.0	5.0	5.0
CD209	21.6089747	24.14453092	59.331898509999995	37.23726265	135.75443775	67.59477726
CD22	37.47048645	45.41225697	50.45901762	37.23133035	104.09289179999999	61.31684179999999
CD244	623.6947468999999	123.3772483	110.31077622000001	1763.1538	600.3442343300001	100.0
CD247	5508.526368	5302.661793	5388.038275	5000.0	7371.9972505000005	100.0
CD27	5506.313911	5710.976341	3349.7224165	161.9010951	4633.9891305	100.0
CD28	527.4027958	1326.705724	1045.66126485	74.87210452	1069.1769687	100.0
CD300A	738.0313132	46.819340000000004	213.84272909999999	5004.627197	1176.354722795	100.0
CD33	21.33635265	16.00738743	14.46439133	13.76631888	100.95680451499999	40.27892152
CD34	5.0	5.0	5.0	5.0	5.0	5.0
CD37	4472.430176	3602.317619	2787.2203099999997	1847.535448	3327.522854	100.0
CD38	318.883456	1145.360549	322.63289125000006	1142.742457	460.25933399999997	100.0
CD3D	5000.0	5000.0	5000.0	247.3614175	5000.0	100.0
CD3E	5787.182458	2993.594839	4082.4659059999994	1000.0	3525.668952	100.0
CD3G	3348.5604670000002	2416.241107	2483.76321	185.1784082	1209.7681859999998	100.0
CD4	164.9509326	4363.016183	2606.58341	78.52262352	2962.1095955999995	100.0
CD40	203.0571538	129.5124355	144.4701726	184.4841305	304.0307946	100.0
CD40LG	186.4853205	809.450384	610.3179834	40.7799804	240.40875724	100.0
CD5	947.6570017000001	1464.692495	1213.8782535	242.46610139999999	2011.0161185	100.0
CD6	1720.140098	1835.581311	1839.3287997	486.11385329999996	1217.3794384	100.0
CD68	51.10845475	26.97070262	22.248897185	53.87830871	60.53050811	42.50232524
CD69	3798.407191	6081.160743	3838.79334	3626.485385	2555.85924965	100.0
CD7	2234.707961	2132.53501	1711.103145	1886.761046	4166.90488315	100.0
CD70	247.6214563	214.23595440000003	221.9190487	206.5584021	1150.69105455	100.0
CD72	18.812705899999997	10.23080265	27.50386753	44.189705200000006	24.565455545000003	25.33883713
CD79A	425.4456431	437.05410539999997	156.55093575	144.3489368	310.44424425	100.0
CD79B	229.23466319999997	437.05410539999997	275.4161967	309.3680794	570.64076515	100.0
CD80	73.52859919	109.70805890000001	122.99519649999999	151.2245043	294.67234510000003	100.0
CD86	108.8922088	29.58459024	64.017101835	98.95440929	258.88516385	100.0
CD8A	9990.737125	172.4731305	97.62577923999999	1074.9977609999999	604.32826403	100.0
CD8B	3697.963718	118.45479669999999	79.04049162000001	18.38811427	60.56753422	100.0
CD96	1718.9748510000002	473.0050907	1172.8896697999999	1878.776295	2969.16401	100.0
CDA	10.06514533	10.55001689	11.063833705	53.14356406	89.378204655	39.23468614
CDC25A	9.90420085	31.42579269	65.727043295	77.77940149	27.446758455	43.63671408
CDH12	7.907398998	9.729238862999999	10.927255506000002	18.40408878	164.00772275	55.13009759
CDHR1	32.70000097	22.14183418	53.478824695	133.301471	69.276052514	61.95043722
CDK6	65.14121709999999	24.21507209	49.22456808	158.32174630000003	46.99855736	62.87489805
CEACAM3	69.08981156	65.12057481	55.356593345	149.7442459	127.01637735	92.67151052
CEACAM8	143.82504980000002	4.767545237	30.897755866	559.0861313999999	27.566073349999996	100.0
CEMP1	9.51802003	66.92570007	26.687483778999997	36.08513123	172.870416	73.09209298
CFP	14.38688428	13.9469182	199.9771757	20.48858843	259.194228415	100.0
CHI3L1	13.16060514	9.949791058999999	11.245000215000001	202.19897269999998	18.10700114	40.573338799999995
CHI3L2	362.87791269999997	4770.057675999999	451.0455023	246.12967450000002	459.74210389999996	100.0
CHST15	37.368268799999996	41.65976896	47.11049515	32.46751810000001	210.983833225	89.66917323
CHST7	26.28908826	401.83847149999997	185.45289522	26.43166584	67.392428315	100.0
CLC	91.38509289	91.98053835	84.482097615	373.9217608	188.21943091	100.0
CLCA3P	10.28448645	4.366178616	6.480549290499999	3.026252903	18.06491875	9.538264864
CLEC10A	80.05432796	66.46616213	57.044781635	58.89456298	138.71938855000002	85.27762763
CLEC2D	1510.8503130000001	1689.599596	1618.6852085	661.8169918	1570.46337885	100.0
CLEC4A	43.67169279	67.3906821	61.32779343	52.63509122	200.884939965	98.30327613
CLEC7A	86.04241069	936.3792245999999	88.462268585	116.2611295	361.25077283	100.0
CLIC2	6.339831804	5.412216318	8.647762051	27.53712295	10.496849019999999	11.0826276
CMA1	25.22954469	29.75313496	51.78577706	55.17661369	58.74515968	47.31730955
COL8A2	60.53487072	62.18440951	68.99420623500001	78.24346341	99.39002088999999	76.81874256
COLQ	152.7740895	48.33458991	76.30337445	378.7916771	287.00636325	100.0
CPA3	147.6958112	148.1833551	130.10447104	383.131835	208.51664235	100.0
CR2	245.2703384	5000.0	164.132676955	44.83822578	23.861989235000003	100.0
CREB5	12.41011504	9.555358782	26.284892812499997	13.72778417	12.530819893	16.18924049
CRISP3	3.2354951069999998	5.210162458	6.5491092225	102.882305	341.119404645	100.0
CRTAM	1443.48038	42.15294578	348.11455910000006	457.00972790000003	438.71914841499995	100.0
CRYBB1	8.78944775	10.18494196	14.8430387425	8.687567194	9.0856458505	10.78847516
CSF1	22.99418539	24.17762134	77.92763029	23.10283156	99.426605855	60.71187294
CSF2	24.419725600000003	22.758799399999997	347.80702928	394.2963862	39.26589238	100.0
CSF3R	24.3859179	38.93185048	68.99235662	80.43850649999999	212.14246405	100.0
CST7	5181.597893	322.0620463	653.0108961999999	5000.0	3161.6156135	100.0
CTLA4	19.09265901	2019.936149	759.1301032	14.86344757	2050.215002875	100.0
CTSG	113.3980465	38.09184417	105.98132333999999	207.19653380000003	190.9219076	100.0
CTSW	1000.0	14.638242199999999	490.1252624	5000.0	2078.418872805	100.0
CXCL10	157.22658	127.9224652	230.8714179	5000.0	372.5818526	100.0
CXCL11	22.77124293	23.48774462	19.900833828499998	2500.0	42.430219005	100.0
CXCL13	22.35743472	9578.936337000001	75.3842082745	13.07578293	10.540776317999999	100.0
CXCL14	5.0	5.0	5.0	5.0	5.0	5.0
CXCL3	26.71170482	27.69750654	22.727739395	23.80124305	91.26540718499999	43.74239251
CXCL5	18.42018765	18.93654262	20.419080817999998	27.07698315	76.37359578499999	36.85986666
CXCL9	125.83623759999999	5000.0	141.470790945	1388.6428970000002	190.0648634	100.0
CXCR1	214.68413880000003	71.48534098	243.02374429999998	466.551537	454.310297	100.0
CXCR2	73.61765642	11.15831089	9.685485811	621.5862446000001	201.97177399499998	100.0
CXCR5	32.70801147	2508.080521	112.133854835	15.58241182	32.212186295	100.0
CXCR6	239.577985	187.5232686	378.74333799499993	157.2179273	976.0523478999999	100.0
CXorf57	102.1724937	14.24242632	184.32092310000002	65.99931897	148.385273175	100.0
CYP27A1	35.11559608	60.30106853	38.51792963	33.66015546	72.04734684	50.02962472
CYP27B1	123.385104	62.71521001	136.03398617	106.86194609999998	325.03643445	100.0
DACH1	6.072925337999999	4.929861418	15.905202166999999	26.48654297	15.498147325000001	14.3280041
DAPK2	36.778245	20.19963341	36.507899124999994	70.58667144	63.82097274	46.88889908
DCSTAMP	45.95452314	68.52517722	37.21317743	62.27586724	69.08146347499999	55.62069277
DEFA1	5.0	5.0	5.0	5.0	5.0	5.0
DEFA4	580.4081606000001	89.90011254	135.41262955000002	1689.1444390000001	521.403080725	100.0
DENND5B	4.9370037280000005	2.140728959	6.380103739	16.84267094	20.714539116999998	11.15852705
DEPDC5	42.10826584	136.4948062	116.10526935	108.89729820000001	72.665289395	95.00592682
DGKA	2223.016764	3860.541888	2417.0943305	347.27173389999996	1751.9605122	100.0
DHRS11	88.61812105	72.38497496	106.247130975	73.58875735	47.052554825	77.31303214
DHX58	67.97505932	86.56913311	160.51406563	78.17985016	52.08312755	93.98834699
DNTT	5.0	5.0	5.0	5.0	5.0	5.0
DPEP2	469.02547819999995	327.60796969999996	770.2169308	329.1131689	419.08388905	100.0
DPP4	686.9868700000001	22.53108052	828.61035765	1000.0	625.1514270499999	100.0
DSC1	408.664347	7.631831021	400.465002635	22.51758558	52.966882025000004	100.0
DUSP2	4083.939908	2300.259226	1238.4526343	401.0647523	2457.8988605500003	100.0
EAF2	219.0176307	197.1649083	221.32255780000003	191.05913130000002	194.61927680000002	100.0
EBI3	12.21399038	11.63480358	40.186354385	13.43490739	86.19658541550001	41.43565442
EFNA5	12.03201722	76.65867431	68.027036705	36.82431044	159.03711428999998	82.80618628
EGR2	35.39583074	1667.3292689999998	551.71012118	743.5738497000001	141.18027109999997	100.0
ELANE	103.48647779999999	9.857216379	11.201054469999999	451.1105692	508.098020065	100.0
ELL3	5.0	5.0	5.0	5.0	5.0	5.0
EMR1	195.8964573	182.9389251	392.289966	268.300129	391.90091265	100.0
EMR2	43.05953599	21.24976442	67.04296088999999	130.8337311	130.683897625	84.37096408
EMR3	104.1704046	139.75915519999998	82.87080593	64.373062	124.68252279999999	100.0
EPB41	235.3351386	89.94208868	162.75788556	101.37672409999999	27.559254701999997	100.0
EPHA1	400.0482873	57.88335321	463.86400684999995	127.4973902	52.881311545	100.0
EPN2	31.50834858	55.41158071	68.891586905	29.976829300000002	40.106572495	47.8418682
ETS1	613.4935899000001	701.5416085	934.8408585999999	727.9927412999999	565.42286457	100.0
ETV3	49.08454024	32.1556293	129.498350515	35.60812573	17.963146764999998	58.82446998
FAIM3	5723.984821999999	7380.970003	5990.4963885	1513.661936	3273.7404690000003	100.0
FAM124B	14.04816696	16.06928085	17.78255202	19.10712093	11.969649539999999	15.53271027
FAM174B	94.16937409	163.1153582	117.759452605	39.05668066	115.241950435	100.0
FAM198B	4.526894401	13.63143065	18.779378077	17.01771625	37.42942486	21.08480674
FAM212B	23.00981627	17.60479495	30.2669868	17.13494686	65.203569925	35.52723879
FAM65B	3376.093302	665.2076215	2993.4172820000003	1141.624002	1643.7748476499999	100.0
FASLG	169.2167794	126.7421568	226.99855645000002	1877.8864629999998	385.87667495	100.0
FBXL8	91.19310135	53.28186176	121.57439071	22.71096367	73.49405053	79.61754418
FCER1A	111.3010937	29.85402332	83.61229827	133.5553787	180.06697086999998	1000.0
FCER2	8.626141867000001	10.37726055	16.687891	12.96122654	20.373903362	15.15545967
FCGR1A	5.0	5.0	5.0	5.0	5.0	5.0
FCGR2B	65.97309417	108.5578105	26.782849744	150.7135694	124.06082305000001	89.56168852
FCGR3B	178.19936140000002	64.11513732	90.794521625	432.208367	325.04777125	100.0
FCN1	130.07546440000002	116.5979064	112.8167616	293.52128819999996	2561.1357367	100.0
FCRL2	73.7221496	46.90834881	50.84274528500001	51.67031576	90.90679282999999	65.11427006
FES	9.520155138	7.262313101	7.4830351969999995	235.340381	52.8015363685	53.2417132
FFAR2	11.77579288	14.98197508	14.173417315000002	43.70370988	26.365537699999997	21.64848398
FLJ13197	167.32006230000002	41.76287856	162.69820815	92.0095189	30.382961535	98.17925702
FLT3LG	1267.0317519999999	309.76985089999994	1671.04278355	297.09470580000004	433.31763125000003	100.0
FLVCR2	83.37381583	256.9226064	142.04641735	114.2968504	180.99420705	100.0
FOSB	41.65285438	5833.248925	223.745352765	31.99062179	31.26682548	100.0
FOXP3	65.14694151	146.8412284	232.00707525	44.28255428	1052.94595365	100.0
FPR1	210.2034137	248.213136	181.37865259999998	350.31543730000004	567.2058708	100.0
FPR2	54.91749032	56.44753053	50.721331765	78.59791081	133.38513892999998	79.73941044
FPR3	105.80796200000002	128.48359340000002	102.79559194500001	103.6791982	174.99210885	100.0
FRK	26.38936082	3.2106676989999996	8.5773728675	5.174953983	32.079447684499996	16.58408909
FRMD4A	49.31923782	211.24586459999998	42.07628497	44.67978481	31.070279425	64.50543086
FRMD8	28.9702418	228.186585	104.912220535	205.9976895	545.1342496850001	100.0
FZD2	13.86980966	9.463569762	16.220101201	16.56655329	41.36234346	22.15211743
FZD3	50.26515479	449.1787857	92.206443155	34.13135944	61.307577699999996	100.0
GAL3ST4	335.5930908	256.26840150000004	561.50699335	36.03975256	109.896967315	100.0
GALR1	3.908160923	6.994769751000001	23.02284564	3.9630808369999997	11.7356304085	12.05470909
GCSAM	5.0	5.0	5.0	5.0	5.0	5.0
GFI1	293.64088300000003	561.1786244	232.45051127499997	451.55042139999995	462.4403969	100.0
GGT5	12.99967839	10.13745863	17.479636305	15.31704221	10.8573668615	13.58974079
GIPR	10.90883943	30.90820518	13.75535665	12.59088047	50.162411155	26.0347801
GNG7	133.55146979999998	63.64624142	94.76751253	56.77049624	133.05343612	100.0
GNLY	3732.5360579999997	12.65987353	425.40836615	5000.0	2512.183286005	100.0
GPC4	43.02443597	60.05830259	62.628475185	60.03510132	76.527257835	63.06132942
GPR1	1.559283973	17.15481458	22.6024982625	9.557010062	33.541342289999996	20.0798271
GPR171	924.3717962999999	227.8557261	1365.3405418500001	742.1045746	5893.034409	100.0
GPR18	1037.066376	1521.532591	898.311219	1615.000475	528.29668515	100.0
GPR183	630.5280037	965.2070375	1746.5065552500002	208.9174199	465.1557508	100.0
GPR19	40.61246787	336.9689608	147.89598259000002	54.00513676	213.81473886999999	100.0
GPR25	28.719137800000002	21.82778451	43.12596352	16.30135354	26.3385465	29.39675656
GPR65	1518.5739449999999	252.2799806	873.6887529	2137.784528	1559.84008425	100.0
GPR97	104.93893130000001	39.81497642	86.791439155	356.6407815	116.47371654999999	100.0
GRAP2	280.9234111	201.26720930000002	264.75077505	254.0098588	178.29144589999999	100.0
GSTT1	18.64410933	83.68091706	28.823581795000003	15.85063338	19.6965754	30.74513917
GUSBP11	521.3361484000001	447.7619209	333.8679616	205.0460859	141.672312215	100.0
GYPE	26.87927605	6.90617027	6.1373773365	20.32952385	68.941017845	29.18168008
GZMA	6301.839315	130.74053030000002	1522.59804955	5000.0	209.09467734999998	100.0
GZMB	2080.697741	64.03542312	5547.60962041	5000.0	76.82438413	100.0
GZMH	8555.821981000001	26.30390688	481.33851965	9654.418477	89.65601389	100.0
GZMK	8814.387272	119.84764960000001	1689.8404580000001	5000.0	75.926474205	100.0
GZMM	1048.9893550000002	1030.215674	961.05306495	3193.838685	768.90965525	100.0
HAL	84.17530879	548.1212227000001	69.331044515	97.86213684	135.620370345	100.0
HCK	106.4569423	43.76861448	94.171758705	287.9345847	406.247325295	100.0
HDC	123.85966359999999	23.22265447	59.539125594999994	175.57908989999999	91.123399065	89.14092247
HESX1	7.046990167000001	8.369699084	7.421700318	8.818078558	22.74658883	12.08162087
HHEX	139.0353705	78.89317933	90.11669007500001	224.369826	159.76708158000002	100.0
HIC1	8.159927666	6.633637977	12.6555583965	28.75302158	49.76871076	24.05644651
HIST1H2AE	29.91298037	110.49022859999998	29.397144750000002	10.52337646	40.37176735	41.49491566
HIST1H2BG	78.31604621	182.147041	130.0756181	39.79510288	94.52956888	100.0
HK3	21.81413027	15.36690486	21.364535615	127.4565398	80.25356901500001	52.55339774
HLA-DOB	212.2757519	118.2666793	50.161342305000005	209.3725353	80.60585861000001	100.0
HLA-DQA1	173.41173830000002	89.17794598	129.84809059999998	217.0714199	488.99216049999995	100.0
HLA-DRB1	5.0	5.0	5.0	5.0	5.0	5.0
HMGB3P30	42.79987867	5.822857646	25.0561993585	50.43674881	230.67386845	87.21708868
HNMT	19.61866274	8.992612544	16.178448515	20.24882144	52.086916355	26.48440378
HOXA1	12.85536224	18.89413582	11.122549402499999	10.68883854	12.9621457	12.94396097
HPGDS	83.72110944	56.70706623	112.802825205	163.0072128	169.33950595000002	100.0
HPSE	55.34751097	234.9215764	241.54091465	42.43076067	230.23555035	100.0
HRH1	75.97436695	78.2920509	109.73310676999999	48.27325407	160.6936363	100.0
HSPA6	106.71691090000002	259.1902042	55.241773705	234.43475669999998	218.425300005	100.0
HTR2B	22.71063607	9.317338154	8.2623550735	18.96530585	51.737184705000004	24.42747995
ICA1	134.2533776	2419.169387	187.33866445	134.4978713	205.45515360000002	100.0
ICOS	194.1905981	5000.0	1156.9493635	17.54275726	387.696217755	100.0
IDO1	241.33314840000003	241.4925332	208.70573305	1000.0	137.434895195	100.0
IFI44L	84.26221988	132.631945	110.14470070499999	306.8577881	1908.34475305	100.0
IFNA10	12.57137446	15.27320006	12.97044876	10.86522171	82.85076365	32.90746015
IFNG	249.0786281	208.33942340000002	1675.4291169500002	1911.292643	221.83124099999998	100.0
IGHD	62.3476822	135.5693196	74.569449915	27.13475053	27.736358019999997	61.38048117
IGHE	15.63289317	51.74744263	42.73885242	17.44701747	23.32779066	30.99437706
IGHM	361.73792189999995	2116.0055629999997	127.847146805	148.58713480000003	409.9671035	100.0
IGKC	3097.474216	329.59788419999995	271.652619515	222.9848298	1205.71412345	100.0
IGLL1	5.0	5.0	5.0	5.0	5.0	1000.0
IGLL3P	217.4652812	50.27476208	43.4861796	48.12236649	293.94559601500004	100.0
IGSF6	27.09871228	27.93727573	41.17668829	87.35190647	97.280170005	59.90023015
IL12B	41.94288686	42.09518393	48.51698344	71.24159384	63.79869137	54.27300204
IL12RB2	95.11508424	117.5335217	225.26694598	1062.535353	303.07550405	100.0
IL17A	7.018701499	69.22003670000001	78.42216629149999	8.79960816	14.75730559	38.77104145
IL18R1	197.57430300000001	119.23727859999998	197.66576224	956.9438981000001	767.48143615	100.0
IL18RAP	541.6070596	101.4843406	202.67767579000002	5952.214618999999	2300.6658005500003	100.0
IL1A	65.8236721	52.93205499	108.27687882000001	78.86706615	75.854789735	80.84087576
IL1B	144.21868909999998	204.2875485	181.36158534999998	245.81715840000004	318.12229235	100.0
IL1RL1	34.56285806	69.00006431	51.16377735500001	95.21686825	79.3423699	65.68458359
IL21	59.42001123	1466.934174	114.36525329	53.359655700000005	65.02775909500001	100.0
IL26	7.410920044	116.5979064	74.726931622	6.414016755	15.779112390000002	44.49070446
IL2RA	85.8239546	184.4383466	1378.22471868	335.1021874	1927.3697076300002	100.0
IL2RB	4000.216538	7279.249666	3047.1705841999997	5000.0	8831.237724999999	100.0
IL3	9.157134905	15.86814667	429.293486948	21.20226829	21.6343105945	100.0
IL4	13.17067743	118.0039289	66.09585564000001	10.93822491	32.25146933	48.40106874
IL4R	884.6593550000001	414.2300341	1565.9167909999999	1230.600669	2007.9553171999999	100.0
IL5	18.71157669	28.07283413	54.441802375	10.99221059	60.436797115000005	41.07626006
IL5RA	42.945116399999996	32.20308963	40.182324845	44.97513053	110.8158699	60.30281801
IL7	41.57938135	68.38795936	42.24861444	25.494881699999997	35.275567765	41.5015124
IL7R	15195.168580000001	3066.253514	14769.421255000001	750.484975	1312.99404225	100.0
IL9	43.06562332	46.35002341	1669.5171595549998	38.82242166	31.417836089999998	100.0
IRF4	5.0	5.0	5.0	1000.0	5.0	100.0
IRF8	350.3493603	610.5494812999999	273.0886213	2110.1247559999997	594.486324	100.0
ITK	6471.889098	9006.839826000001	7704.3386405	3519.338157	6088.181886	100.0
KCNA3	573.9051164	263.9154835	557.67937015	494.28369050000003	257.82190369	100.0
KCNG2	18.15238454	13.09271261	10.1143468755	16.87490977	7.607732181500001	11.93773786
KIAA0226L	41.69784069	26.53483439	70.20707794	42.35358906	92.17324757	62.19241645
KIAA0754	23.11849958	76.11959313	43.543595811	150.6521362	58.19772359	64.76755253
KIR2DL1	8.01647279	6.198523194	9.01099063	407.1182787	24.365791514999998	69.72669128
KIR2DL4	122.22460079999999	71.00293957	98.04884240499999	1147.747007	183.32785909999998	100.0
KIR2DS4	280.1613018	129.4623262	108.8815534	2095.187797	367.3240312500001	100.0
KIR3DL2	22.06039056	9.926447424	12.68739786	837.6043714	122.26109588	100.0
KIRREL	34.23347857	23.95290683	19.054285405	15.17383001	100.94728479999999	44.76619369
KLRB1	8818.269215999999	4477.729529	2790.5150408	9267.058342	3129.9982905	100.0
KLRC2	724.7758508999999	5.442550700000001	17.702357265	5000.0	317.07359076499995	100.0
KLRC3	724.7758508999999	5.442550700000001	17.702357265	5000.0	317.07359076499995	100.0
KLRC4	218.17511459999997	9.624468251	34.371360015	162.5815805	79.282906425	88.24138518
KLRD1	1670.271427	149.02613369999997	128.85256342	6737.037026000001	1820.036714	100.0
KLRF1	851.1875307	13.02444905	52.02752739	8193.499173999999	2485.4504952175002	100.0
KLRG1	3859.14824	283.20380760000006	787.60186935	1306.561845	2502.56807945	100.0
KLRK1	8228.460511	105.14893880000001	263.27033765	10000.0	2522.161748935	100.0
KRT18P50	23.80795592	30.47049066	32.457232794999996	500.0	117.649146145	100.0
KYNU	45.94858696	22.74378501	37.324250925	68.38897813	122.70703184999999	65.30627366
LAG3	521.3214165	1296.7327699999998	296.8523001805	81.6791419	770.87880705	100.0
LAIR2	1078.390893	234.346304	219.37743749999998	1617.180049	2171.603854	100.0
LAMP3	134.7841361	165.5835013	192.6974676	314.76788500000004	198.12037775	100.0
LAMP5	5.0	5.0	5.0	5.0	5.0	5000.0
LAT	3224.978584	8480.619456999999	4017.3034210000005	1492.4117449999999	2969.506778	100.0
LCK	5000.0	9578.936337000001	7431.299297	3206.362322	5518.17706	100.0
LEF1	1204.840659	495.87289169999997	1744.1458042	115.52266829999999	254.60784439999998	100.0
LHCGR	9.897454754	9.419742657999999	15.696797669	23.89131683	133.01172395	48.66079393
LILRA2	20.16252339	14.638242199999999	21.597455845	70.08341061	81.71856979500001	44.50231821
LILRA3	9.02114446	5.625148525	17.415240995	16.240683100000002	29.986923625000003	17.95590076
LILRA4	24.77824314	9.669430796	27.79884741	18.80973116	270.103209405	92.72307409999999
LILRB2	25.57422148	12.43682411	8.093765513000001	118.9049383	209.758484955	84.66006926
LIME1	1287.731562	801.8866109	846.9033035	114.47035659999999	524.99147595	100.0
LINC00597	6.841729202000001	33.95721509	32.0697433915	100.37070240000001	39.175948395	40.52300432
LINC00921	132.8112012	103.31236729999999	62.555844394999994	93.35960379	71.249909065	85.29923989
LOC100130100	23.05076042	17.16741792	17.55171631	12.53096141	14.688966449999999	16.74721504
LOC126987	72.45319298	23.60168909	101.27534621000001	81.49972647	386.783673385	100.0
LRMP	631.9125478	1000.0	559.0014340500001	841.1052105	374.5245833	100.0
LST1	520.3780954	36.87140683	248.16895040000003	482.14077960000003	732.7508726	100.0
LTA	21.16573991	524.4770391	853.01996645	1452.525521	75.79034985499999	100.0
LTB	9829.724672	9725.14216	10940.5159975	5000.0	10428.908538000001	100.0
LTC4S	132.3582101	112.51483759999999	70.68461662	130.4160713	65.711369195	92.58301295
LY86	382.951912	208.49809140000002	293.2600287	233.59575279999999	981.8256281500001	100.0
LY9	1310.964334	979.0134027	1263.2304047	150.23927719999998	665.79004105	100.0
MAGEA11	20.72781035	14.26798853	24.213661482499997	14.94470708	81.318543885	37.28641667
MAK	8.152190939	13.84066629	19.407357375	13.21471488	16.0175609455	15.15105839
MAN1A1	239.41827909999998	280.63345310000005	187.45764954499998	345.3273925	268.2070491	100.0
MANEA	52.68877507	85.74723008	125.88509329	102.5724359	29.109150055	78.71384682
MAP3K13	7.381955365	4.945111836000001	7.9141443595	6.734351127	7.873464026500001	7.233805014
MAP4K1	1721.2204600000002	4278.451524	1870.5649764999998	599.382126	1790.6396675	100.0
MAP4K2	17.70603378	16.98151569	98.649469605	10.77913415	21.44739223	40.80862961
MAP9	93.40076641	64.48080982	68.34128634	40.6735055	12.8326182865	51.55755585
MARCHF3	78.87501105	183.64099	95.032441995	192.4141968	145.51351513	100.0
MARCO	14.45792523	24.0051092	25.580921865	14.92267599	20.037926775	20.66048681
MAST1	6.640168162	19.18028488	9.9341139235	9.179730648	13.4790005885	11.68948753
MBL2	2.661464134	3.740216058	13.128721132	10.24251683	85.883425835	30.66692728
MEFV	10.29578093	11.65755142	8.839046628999998	17.26580571	29.51056484	16.55976586
MEP1A	54.17625589	54.92226784	57.304788450000004	87.51963814	152.86113625	88.13571590000001
MGAM	3.9643246239999996	5.7835045229999995	5.2778757755	181.2082461	28.831926214	37.02509703
MICAL3	100.6010965	93.58629209	74.18882824	78.97985995	26.596700625	67.81975804
MME	5.0	5.0	5.0	5.0	5.0	5.0
MMP12	79.27159307	1000.0	81.360436385	91.55871985	249.1987602	100.0
MMP25	211.5319494	162.7569122	187.1878624	303.6330889	252.41877150000002	100.0
MMP9	286.91373389999995	424.4791722	343.2823396	486.1897733	367.89427285	100.0
MNDA	50.81863936	13.50066477	7.9277512235	545.846116	1097.7564756349998	100.0
MROH7	28.67423007	33.16402421	29.56482697	21.97261022	36.31528457	30.79586965
MS4A1	343.92231119999997	112.28712759999998	112.69557933000002	185.3588805	388.9278464	100.0
MS4A2	108.62187879999999	79.20083093	101.143595545	81.23008402	96.05020432999999	94.77719907
MS4A3	80.86216165	35.12086261	19.7006389335	391.87601539999997	70.777277685	98.4021247
MS4A6A	221.19626430000002	149.2510114	182.4538211	207.26616	1301.39743255	1000.0
MSC	78.78518268	31.95509978	103.52719207999999	51.64421933	152.32432845	96.29822041
MXD1	67.17780431	148.91085669999998	172.002731605	132.2881152	97.48078487000001	100.0
MYB	647.9999569	1793.189396	572.20113775	425.6170268999999	492.7815804	100.0
MZB1	42.83903749	18.16093232	43.042700145	23.96018914	63.991256985	42.71829617
NAALADL1	70.98305911	150.7507919	145.92554681000001	286.4887164	55.519295830000004	100.0
NCF2	62.34284219	68.81156687	149.67756258000003	326.1104412	1023.30035655	100.0
NCR3	1756.075472	201.4043697	329.7594941	2350.462666	1264.38679605	100.0
NFE2	107.35639540000001	56.38068068	34.765038675	108.6170675	533.841775	100.0
NIPSNAP3B	128.03733490000002	79.24179515	76.77078011999998	128.9828919	301.78001055000004	100.0
NKG7	8640.630717	7.582193721	460.0352717	5000.0	2509.256131525	100.0
NLRP3	15.30576169	11.65755142	24.786272685	66.749157	39.813205620000005	31.84448953
NMBR	45.63830073	20.04059624	35.400567855	38.60414687	150.5125142	68.01560114
NME8	4.66238798	3.740216058	4.9381849429999995	133.48188090000002	22.983939835	28.24696207
NOD2	8.398706067	116.11215459999998	72.31285593150001	172.15999219999998	94.70821042499999	90.10185508
NOX3	7.382208399	8.533286435	8.456847928	7.291113742	35.8677377635	15.97939714
NPAS1	24.54202898	8.59290329	12.38427819	12.56795449	85.92449113500001	34.61720363
NPIPB15	315.43784	262.1479746	248.26447440000004	259.8271787	1192.39709995	100.0
NPL	84.14120251	26.32189818	56.698479625000004	105.77094609999999	109.565329805	78.39452366
NPY	5.0	5.0	5.0	5.0	5.0	5.0
NR4A3	83.36646929	165.5835013	161.76091465000002	112.05084509999999	310.5063526	100.0
NTN3	8.668709617000001	7.668026751	21.55498382	6.3156338629999995	109.989399615	40.82016244
NTRK1	10.62433837	9.834897324	20.44632897	11.55981548	14.488556775	14.55554609
OLFM4	5.0	5.0	5.0	5.0	5.0	5.0
ORC1	48.78745757	149.8210195	175.65048849500002	113.84340300000001	22.61825057	100.0
OSM	3.823397028	12.94364358	13.612839064	87.49063376	81.60225231999999	42.09826531
P2RX1	180.7978777	142.8858929	141.86891755	135.76337880000003	127.50130444000001	100.0
P2RX5	784.9884834	2876.602126	659.1338243	500.2830455	916.7348173	100.0
P2RY10	319.1050423	313.28966210000004	372.836455	222.24478619999996	519.5748395499999	100.0
P2RY13	7.470609935	6.982740503	7.1147853915	45.37156151	121.70825690000001	45.3529995
P2RY14	154.8611784	33.74435445	69.64476052	214.9365975	307.78893795	100.0
P2RY2	14.97257129	20.63255455	12.027433474999999	13.37468973	11.269176965	13.65329092
PADI4	54.81314720000001	19.92287086	21.169553229999998	72.07772800000001	75.26541227300001	48.52623958
PAQR5	14.17914437	13.05907552	20.60905512	14.81077121	32.77819881	21.26049985
PASK	1441.389436	7489.424598999999	1342.2516640000001	225.4816861	827.76537005	100.0
PAX5	5.0	5.0	5.0	5.0	5.0	5.0
PAX7	23.31147251	37.98662268	32.084412885	17.95271077	77.38805742	42.59939237
PBXIP1	1520.324793	1612.60149	1380.0227875	361.4733537	1808.2745894	100.0
PCDHA5	15.43591938	11.02174746	23.362459135	10.80096761	75.74644025	33.63949046
PDCD1	153.8622347	1000.0	161.29770005	125.49160320000001	236.01881635	100.0
PDCD1LG2	12.804996699999998	8.147551977000001	13.91582082	17.46570937	45.814077585	22.55400784
PDE6C	1.9340036630000002	6.606824787000001	12.6774456185	8.643288433	3.9817188995	7.2146351310000005
PDK1	231.29492430000002	117.29617659999998	332.23901035	35.44419384	255.05956414499997	100.0
PGLYRP1	9.957040446	19.77039029	12.8227648565	64.85081668	14.351513435000001	21.27525771
PIK3IP1	5245.606657	2315.263539	3748.97631	762.8399175	3072.4333885	100.0
PKD2L2	18.90534167	6.0392915789999995	34.67789898	9.451446456000001	47.527471675	28.40097443
PLA1A	16.1139255	19.93877192	13.757226665000001	18.99407436	24.02960102	18.66006102
PLA2G7	24.31875779	37.60063067	25.327865605	61.70251367	143.79347349999998	65.98065433
PLCH2	26.92691404	176.0842582	129.543565495	142.2350618	526.4061383349999	100.0
PLD4	5.0	5.0	5.0	5.0	5.0	5000.0
PLEKHF1	884.5112502000001	919.8846228	419.0996828	1248.02014	708.1223017	100.0
PLEKHG3	293.5247521	26.01377304	204.95994682	586.6412865	472.77791870000004	100.0
PMCH	7.0560961639999995	9.800664187999999	44.72341171	8.908705747	4625.99255843	100.0
PNOC	88.67789621	22.1078749	69.5259662	71.75200444	137.41913979999998	85.20399822
PPBP	61.67249965	63.64624142	52.59443808	27.70053982	297.1956252	100.0
PPFIBP1	40.76620059	5.459102119	34.566686135	15.72564512	26.881908175	26.40687664
PRDM1	5.0	5.0	5.0	5.0	5.0	5.0
PRF1	8182.518825	953.5011061	1278.51573625	5000.0	3321.503955	100.0
PRG2	126.64677069999999	35.31282708	129.65321880000002	76.76576197	42.53618766	83.30059609999999
PRG3	126.64677069999999	35.31282708	129.65321880000002	76.76576197	42.53618766	83.30059609999999
PRR5L	302.0175264	56.48122719	133.90096623	1093.674669	414.22158088500004	100.0
PRTN3	5.0	5.0	5.0	5.0	502.5	100.0
PSG2	157.14624519999998	80.92660206	133.26485	142.29201899999998	323.49389494999997	100.0
PTGDR	549.7297474	38.93185048	77.80547527	1836.2272079999998	222.40207101000004	100.0
PTGDS	5.0	5.0	5.0	5.0	5.0	1000.0
PTGER2	2260.804067	14.85589132	1452.740829	4376.564294	2783.0671165	100.0
PTGIR	46.51032228	24.85041048	171.77485485	30.96508509	664.29892491	100.0
PTPRCAP	4378.93295	5576.724303	2469.2922025	3454.1654710000003	2558.573272	100.0
PTPRG	3.798829584	12.98839722	6.274796610499999	6.994725579	110.904665295	36.87726803
PTPRS	5.0	5.0	5.0	5.0	5.0	5000.0
PVRIG	3978.913368	3927.7637689999997	1908.9409885	4279.232746	3286.6693354999998	100.0
QPCT	24.03521349	2.011800929	23.533233488500002	58.95877156	17.350464735	23.82474035
RAB27B	25.25617138	22.51380495	23.192054145	86.68809146	54.17975092499999	41.31452542
RALGPS2	57.02675161	28.21199417	35.18464728	43.55243252	92.191421125	54.79190216
RASA3	270.9813064	71.22892237	166.34604710000002	139.060799	74.28809122	100.0
RASD1	5.0	5.0	5.0	5.0	5.0	5.0
RASGRP2	2427.9526539999997	169.59879809999998	2752.4445205	810.1500716	1085.31624755	100.0
RASGRP3	16.2266408	15.84342427	21.250084185	17.29458184	54.58695765	28.71981865
RASSF4	22.98193781	25.7630517	25.416986315	187.3618615	44.234341615	53.62992955
RB1	5.0	5.0	5.0	5.0	5.0	5.0
RCAN3	155.029818	28.81247015	299.84183065	16.12365023	180.51204665999998	100.0
REN	30.74953796	35.79486574	58.34889314	26.28765351	49.84237784	44.17351417
RENBP	45.59103269	18.33363903	37.29656526	27.39193891	35.51981465	33.84991006
REPS2	13.88756297	18.57128353	12.855014405	18.86194886	20.859520600000003	16.96426648
RGS1	646.7216655	1981.049393	812.3641430499999	1000.0	747.4763383000001	100.0
RGS13	26.92097022	7.972776848	13.118096425000001	33.10746841	43.865540825	25.99549857
RNASE2	216.87311890000004	83.75974388	128.38735874999998	446.5649553	353.78268295	100.0
RNASE6	17.05134667	22.17275389	32.3925266	49.47779184	394.314288085	100.0
RPL10L	321.3503467	160.244989	397.9478093	95.10252869	164.46009255	100.0
RPL3P7	1290.949662	2289.139001	3348.5247775000003	155.8898618	1039.4334336499999	100.0
RRP12	10.83222373	17.27184239	103.393131225	48.02096545	19.1789355465	45.89559502
RRP9	92.36151715	82.56301801	201.6653458	119.947244	47.128474725000004	100.0
RSAD2	164.1021811	101.60832579999999	208.4111497	483.5759068	621.6493754	100.0
RYR1	134.67866840000002	214.1715785	80.880070285	57.42288488	716.0462458000001	100.0
S100A12	103.08922690000001	114.3269206	100.16767896500001	654.4176231	1234.7063779999999	100.0
S1PR5	41.04900098	8.886630463	7.573615587000001	381.6778187	9.341348312000001	66.49191113
SAMSN1	794.816235	577.4007392999999	1434.52243215	2071.584071	1772.773025	100.0
SCN9A	5.599396915	22.14183418	13.391253600999999	10.91997426	48.142224415	5000.0
SDC1	5.0	5.0	5.0	5.0	5.0	5.0
SEC31B	423.4721951	163.9010445	291.47338163000006	139.6468955	566.003519085	100.0
SELL	7418.8623959999995	4188.175593999999	7311.733607	3666.0770340000004	5082.722728000001	100.0
SEPTIN5	13.1121548	15.39081454	48.749647949999996	20.95307211	175.110638785	71.02523070000001
SEPTIN8	31.02782537	126.6447075	94.63939936500002	47.1299765	31.68201197	65.34933315
SERGEF	63.60787074	189.14317509999998	143.32207938	52.8792294	16.5456984	89.33797583
SERHL2	5.0	5.0	5.0	5.0	5.0	1000.0
SERPINA9	5.0	5.0	5.0	5.0	5.0	5.0
SERPINB10	5.0	5.0	5.0	5.0	5.0	5.0
SH2D1A	1249.210018	2984.358981	1164.8614338500001	5000.0	1789.8911750000002	100.0
SIGLEC1	81.50052589	55.13574502	62.18340182	93.81086301	156.70521200000002	95.46062308
SIGLEC6	5.0	5.0	5.0	5.0	5.0	5000.0
SIK1	1219.200313	4922.268476	390.22513925	352.97387230000004	667.72423425	100.0
SIRPG	1310.139566	3092.334477	899.7741761	78.11486475	1496.11055685	100.0
SIT1	1457.873439	1676.239317	1344.2561065	111.44175449999999	2744.541903	100.0
SKA1	2.220631652	53.82754533	96.65869133500001	29.27392541	26.578563365	47.39951597
SKAP1	2273.2577420000002	2389.171966	2137.919317	1775.4093679999999	4359.099523999999	100.0
SLAMF1	496.4217166	1074.944299	996.65621825	114.8720501	1112.74874925	100.0
SLAMF8	107.6408152	48.49238871	83.19147299	132.7999515	127.82412015	100.0
SLC12A1	10.77936011	1.8636954540000001	10.065368071	3.7532403660000004	29.075753810000002	13.52550567
SLC12A3	5.0	5.0	5.0	5.0	5.0	1000.0
SLC12A8	14.91996119	34.82375423	8.8577500695	14.10688313	27.9629959255	19.64172722
SLC15A3	18.5710453	18.79636185	21.677300415	10.12206467	42.191157710999995	25.03234115
SLC2A6	43.07557759	11.07886417	14.1468902095	98.10146359	115.34691692999999	58.74907423
SLC4A1	5.0	5.0	5.0	5.0	502.5	100.0
SLC4A3	5.0	5.0	5.0	5.0	5.0	5000.0
SLC7A10	33.20097043	626.6515191000001	34.31979913	28.10943367	19.172753845	100.0
SLCO5A1	30.06870751	15.57807487	56.146729965	61.34309331	74.231539645	52.53520213
SMOC1	5.0	5.0	5.0	5.0	5.0	1000.0
SMPD3	70.12682543	516.1544785	90.705975145	122.12862620000001	63.28600618	5000.0
SMPDL3B	3.73037929	4.914356682	5.056497965	4.385503009	7.7304202315	5.5148679110000005
SOCS1	160.8027185	255.14796919999998	320.22086735	639.9522246	342.77054106	100.0
SP140	422.12516239999997	529.7231103999999	415.39781419999997	398.510004	567.49037115	100.0
SPAG4	60.34817877	87.31662416	86.0035453	29.59395533	66.98336333	69.03322507
SPIB	67.02484651	88.49719564	92.825856065	92.59003917	55.714875595	5000.0
SPNS3	5.0	5.0	5.0	5.0	5.0	5000.0
SPOCK2	3283.9238100000002	3128.5063600000003	2079.0231575000003	823.0579184	3010.5594585	100.0
SPTA1	5.0	5.0	5.0	5.0	2502.5	100.0
SSX1	7.384988622000001	25.44533792	23.481256403	1.8202276819999998	87.57888741	36.68154884
ST3GAL6	7.158395479	20.88194891	9.849651389	22.74854798	33.106909110000004	19.52885905
ST6GALNAC4	408.1100167	263.27896319999996	317.29401674999997	233.65286099999997	575.72351545	100.0
ST8SIA1	75.93922657	2924.590009	98.50751371399998	10.41253909	55.48060099999999	100.0
STAP1	112.05973020000002	92.39233333	270.98914054999995	367.6755778	342.233747435	100.0
STEAP4	4.832288844	3.594013	6.6855710864999995	13.01403648	39.5346460545	16.2686818
STXBP6	16.13910899	17.85021806	18.364393005	11.28314125	11.515690637999999	15.00466223
SYCP2L	5.0	5.0	5.0	5.0	5.0	5.0
TARDBPP1	20.13104889	29.13250856	54.004684365	22.33642769	54.4540340455	41.21677457
TBX21	1658.3220720000002	445.5205989	505.51389765	3760.4334729999996	1069.5920898	100.0
TCF7	3170.404097	4668.361682	3480.1916175	283.35585	832.75389645	100.0
TCL1A	106.73917900000001	138.6741034	108.757130845	91.64573185	107.68431939999999	100.0
TDRD1	5.0	5.0	5.0	5.0	5.0	5000.0
TEC	11.99089142	12.743185800000001	9.2069564285	18.34072449	11.863803480000001	12.17376022
TEP1	98.35605225	8.393614631	34.220007335	136.48458469999997	9.401360050000001	47.21099805
TGM5	47.8969765	33.23725547	42.752278845	58.76510874	76.91040575	54.17495856
TLR2	120.5282543	151.84802140000002	125.09633475000001	139.27520780000003	260.286021795	100.0
TLR7	7.997221294	36.29565926	33.424930212999996	21.34137812	67.218573565	38.13160946
TLR8	5.70074897	39.48271435	5.925767057	5.96642198	48.660541566	22.90321465
TMEM156	168.0820865	276.90634789999996	179.207164	140.42112590000002	214.44529654999997	100.0
TMEM255A	38.72072177	4.5737191269999995	12.2092032535	39.77926652	58.19406557	5000.0
TNFAIP6	81.29435266	63.61546587	61.700610925	134.79629369999998	139.78473785	97.52525854
TNFRSF10C	27.03922751	21.95552174	38.438769625	28.82135756	36.55272666	32.54272848
TNFRSF11A	9.855680429	14.45611207	20.371136566500002	77.34405734	509.11513016500004	100.0
TNFRSF13B	181.9551888	181.9526719	218.61556044999998	197.28667919999998	375.9854405	100.0
TNFRSF17	13.81523144	7.855308418	7.5210509575	10.71004035	25.61290871	14.09264279
TNFRSF4	18.71047795	1178.444669	641.51169463	446.7985984	1437.161257235	100.0
TNFSF14	92.31649554	168.835817	135.990633885	1206.459443	137.95483839	100.0
TNIP3	70.50041584	257.640918	151.64183311	15.06348907	46.0307107	100.0
TPSAB1	376.03680210000005	481.0725006	129.706100125	388.4803793	145.71607369	100.0
TRAC	13721.45552	20117.66469	13094.74117	660.8691857000001	11363.8676095	100.0
TRAF4	27.41737791	107.50174879999999	101.801649865	62.5781174	44.291324884999995	69.95474194
TRAT1	816.7413232999999	1427.7026740000001	2212.254429	33.28596897	941.9350476	100.0
TRAV12-2	225.37802960000002	85.70898291	78.086481115	10.43264095	10.574253283000001	71.26301747
TRAV13-1	463.19840819999996	707.2496886	591.9861103000001	35.383462200000004	107.84462069499999	100.0
TRAV13-2	369.2792078	381.3344477	415.91515695	49.99897181	114.97729903	100.0
TRAV21	439.35762239999997	463.357295	439.47414004999996	51.25644375	1406.2220082200001	100.0
TRAV8-6	244.11291580000002	439.2288461	301.13558105000004	16.85254107	349.40074000499993	100.0
TRAV9-2	220.3744213	656.9831726	589.4065466	39.13156492	1036.44586055	100.0
TRBC1	8923.922332	16623.7078	9597.2747195	3666.5496369999996	12438.103154999999	100.0
TRDC	3014.5754660000002	370.2752613	458.05786044999996	5000.0	2562.32636445	100.0
TREM1	102.28644770000001	101.4843406	93.10931553	87.80744832	320.684883505	100.0
TREM2	16.18514962	14.95790508	14.865068085	14.24508304	57.635238740000005	27.19839306
TREML2	23.09902116	57.35568408	43.238330704999996	89.17369437	47.784248585	50.23907974
TRIB2	1138.062023	5890.338133	1802.5261455	1178.649068	797.0433176500001	100.0
TRPM4	7.796755019	11.62316713	13.73653135	7.573104323	7.62394264	9.959139207
TRPM6	25.76719358	32.92379314	32.157120055	26.55183487	39.548476145	32.66485914
TSHR	11.64652927	236.3005486	11.012971545	16.45623501	13.58837905	44.80085915
TTC38	374.209498	172.2330604	79.98089291	1778.302704	235.47394369	100.0
TXK	676.0594416	206.762571	842.6174349999999	1790.0475609999999	242.70249934999998	100.0
TYR	10.627147	6.818438323	80.82569928000001	61.58860082	1041.52999505	100.0
UBASH3A	876.3804333999999	935.0097588	1318.4019527500002	7.285830296	847.7060799	100.0
UGT1A8	82.13823081	93.50382185	105.453478915	81.72607477	456.43764645	100.0
UGT2B17	3.976053906	7.819769102	5.0600007885	5.612875559	9.268493115	6.5808123389999995
UPK3A	10.97861145	10.91012024	15.033399880000001	10.4226147	18.775008805	14.27545197
VILL	434.2235246999999	445.3565484	479.8270773	127.69036909999998	124.053680235	100.0
VLDLR	5.0	5.0	5.0	5.0	5.0	1000.0
VNN1	12.26655159	4.556712661000001	19.1319249815	44.83369883	85.247905135	38.63094619
VNN2	445.4839483	183.18088630000003	311.14613633500005	367.3733745	554.2877301650001	100.0
VNN3	13.07856517	36.41518352	43.02719138	33.30758136	62.07388082999999	41.85763921
VPREB3	89.69557529	86.99944061	99.13405161000001	120.50765829999999	245.1645466	100.0
WNT5B	10.61879975	17.98120025	7.8257047755	7.943809495	11.31544223	10.68944336
WNT7A	101.40885209999999	100.09691600000001	148.865922515	12.44515179	43.138200155	85.42273789
XBP1	5.0	5.0	5.0	5.0	5.0	5.0
ZAP70	3230.539852	500.0	3003.780379	3276.97481	1590.509826	100.0
ZBP1	149.29119450000002	71.30464757	139.910178935	313.4948994	125.50023615	100.0
ZBTB10	99.88073058	1221.65228	98.395887555	114.48704369999999	91.637698491	100.0
ZBTB32	27.835109999999997	24.71873759	63.357106915	14.36734653	71.20151949500001	48.00549242
ZFP36L2	3227.8335260000003	641.8482849	1202.8598091000001	589.0597536	1549.0877020500002	100.0
ZNF135	64.5605419	31.1690733	52.8625686135	115.0744957	23.049623142999998	51.80407063
ZNF165	3.190692616	6.147205936000001	28.817490839999998	5.960357226	5.4117267085	11.96524155
ZNF204P	151.9597341	52.22897356	252.5780352	34.99393922	106.68091182	100.0
ZNF222	71.91125741	182.9389251	35.989063744999996	92.04355593	11.93552979	63.24898936
ZNF286A	218.2270364	118.138051	92.8464024685	212.3537943	191.68620819999998	100.0
ZNF324	32.01125825	179.58647919999999	186.90141690500002	43.92171048	54.425226545	100.0
ZNF442	32.11029942	44.70063347	7.561741552500001	31.36125776	114.12186890499999	50.21991594
